Show Name;Tags;Snippets
ABC News Perspective;news(ish);4570
Alabama's Morning News with JT;interviews, news(ish);72336
America's Morning News (Washington Times);news(ish), political;133411
Arizona's Morning News;news(ish);133860
Atlanta's Morning News;news(ish);133860
BBC World Service;entertainment, interviews, news(ish), political, science;5323632
Ben Shapiro;entertainment, opinion, political;46993
Big Picture Science;entertainment, science, stories, topic-based;9589
Billings Morning News;news(ish), political;133870
CBS News Weekend Roundup;news(ish), opinion, political;4420
Columbia s Morning News;news(ish);57398
Crosscurrents from KALW News;entertainment, news(ish), political;13721
Dr Drew Midday Live with Mike Catherwood;calls, debate, entertainment, news(ish), opinion, political;101856
First Morning News;news(ish);18122
Gary Sadlemyer and KFAB's Morning News;interviews, news(ish), political;85387
Here and Now (PRI);interviews, news(ish), political;1112012
Houston's Morning News;news(ish);57893
In Deep with Angie Coiro;entertainment, interviews, political;4470
Jeff Caplan's Afternoon News;entertainment, news(ish), political;135870
KFAB Morning News, Weather & Markets;news(ish);3556
KOGO Weekend News Edition;news(ish);6984
KOGO's Evening News;news(ish);18143
Leslie Marshall;entertainment, opinion, political;178622
McIntyre In the Morning;entertainment, news(ish), political;156532
Mid-Morning News Hour (WBSM);news(ish);33047
Morning Edition (NPR);entertainment, news(ish), opinion, political;4023929
MORNING NEWS;news(ish);74797
Nashville's Morning News;news(ish);124348
National Native News;news(ish), opinion, political;4226
Newshour Extra;news(ish);6833
PBS NewsHour;live, news(ish), opinion, political;54774
PRI's The World;news(ish), opinion, political;564317
Sam Nation;entertainment, opinion, political;32399
Saturday Morning News wDave Russell;news(ish);6898
The Daily;entertainment, news(ish), political;74741
The Thom Hartmann Program;Talkshow, debate, entertainment, news(ish), opinion, political;275018
Utah's Morning News;news(ish), political;135039
Utah's Noon News;news(ish), political;22539
WBRC Fox 6 News at 10;news(ish);11465
WBZ Afternoon News;news(ish);140823
WBZ Midday News;news(ish);125111
WBZ Morning News;news(ish);149703
Weekly NH News Roundup;news(ish);8189
WFAW News;Talkshow, news(ish), opinion;104959
Wisconsin's Afternoon News;news(ish);140295
Wisconsin's Morning News;news(ish);142257
WMT News Hour;news(ish);3183
WORT Local News;news(ish);14234
WPRO Morning News;news(ish);150074