Survival;spotify:show:5JDHqI4nZe36mcOZI05sYI;Health & Fitness, History, Society & Culture;Documentary, Stories
Queen V: The Life of Queen Victoria;spotify:show:11HFht21srz4Z9FxhDh49l;History;Documentary
Not Guilty;spotify:show:0tnf9RnSMzA82ZVWMZ0sWE;History, Society & Culture, True Crime;Documentary
Medical Mysteries ;spotify:show:52qDuV6WDfgnaLdbDmKpUi;History, True Crime;Documentary
Love Will Tear Us Apart;spotify:show:1e9xn088BCUUErPjgKqzf7;History;Documentary
Hostage;spotify:show:07Do1GFU3Y4htyVQbp0uuC;History, Society & Culture, True Crime;Documentary
History Does You;spotify:show:6RnL3W0weLvAJyZC1cIu8K;History;
Historical Figures;spotify:show:3iFwYwzabLKsSktBhUVCjn;History, Society & Culture, True Crime;
Great Women of Business;spotify:show:7I8VlvCJWvznnVtdfewP7A;Business, History, Society & Culture;Documentary
Forensic Psychology;spotify:show:1GVvUXrTLT31q3Jse40kMw;Science;
For Whom the Cell Tolls: Biology, Cancer, and Other Stories About Life;spotify:show:6KySzlxOJT2blYQbiMoPa2;Science;
Fictorical;spotify:show:2yvrDZCUICLTcQiFfvCuhX;History;
Espionage;spotify:show:4HL2j5zc7B3ywwxzvtCszF;History, Society & Culture, True Crime;
Criminal Behaviorology;spotify:show:5VM7Sjv762u7nb91YWGczZ;Science, Social Sciences;
Could We Ever...;spotify:show:4lRu9gOpUpNCC0U8Z9lxwx;Science;
Conviction;spotify:show:2XquJlPU9ibLYZMH0ZzFwA;Documentary, News, Society & Culture, True Crime;
Conspiracy Theories;spotify:show:5RdShpOtxKO3ZWohR2M6Sv;History, Society & Culture, True Crime;
Coffee Tea and AI;spotify:show:1vPaKxbc7SQGB5Eq57riQ8;Science;
Climate Scientists;spotify:show:7dCPcUbvKCgnWzcZZa3jS6;Science;
Carpool Chemistry;spotify:show:77XdGpeqbDUOlbAOe7FYhX;Science;
CBD Deep Dive;spotify:show:3S4neGTN11G0CbnJzvzK5s;Science;
Burks at Loyola - The Podcast;spotify:show:7f9WfvcDmxIsLdbQzPt3Lv;History;
Breaking Math Podcast;spotify:show:2All747WhUp3IdgLpPEf2i;Mathematics, Science;
Brass Tacks History;spotify:show:2DInULXf5cYyAdI2TtZvLx;History;
Brainscape;spotify:show:4xm16tF5ib3w4FWWz0ZOAg;Science, Social Sciences;
Born Free Podcast;spotify:show:0sN3ojzN4M6Pa5jF9t6Ryo;Nature, Science;
Black History Buff Podcast;spotify:show:6CDExrHONAzUy8ksCgXsYy;History;
Biology with Hash;spotify:show:1SHOuXdcSD5JBOfnRzJS4h;Life Sciences, Science;
Biology for Bastards;spotify:show:6hj26idFRLheiJslz2ozfQ;Science;
Bigger Than Us;spotify:show:67nkmjyMAJwvJT77cZvxjI;Earth Sciences, Science;
Beautiful Humans: The Social ChangeCast;spotify:show:35SrzscMDFPVC7OmKN3LAa;Science, Social Sciences;
Authentic Biochemistry;spotify:show:02oYQ2WL7raDmbW1DoA777;Natural Sciences, Science;
Assassinations;spotify:show:0GV1EPX2lvNnkNwnzZgF3F;History, Society & Culture, True Crime;
Anthropological Theory: A podcast created by anthropology students;spotify:show:6aA7JmxyWRiRqtVXPAMajr;Science, Social Sciences;
Ancient Gods and Demons;spotify:show:1FZtvqXV7YGeqposmRXyHQ;History;
Anarchopac;spotify:show:6G00ZFXRjlQBZOBSTRdeav;History;
American Girls;spotify:show:0q14aUbVF3rTacMkXccqPT;History;
APUSH Deep Dives;spotify:show:26RaouKCzddDY60v4IbmAk;History;
ABA Ultimate Showdown!;spotify:show:0FUV0bDwonUBhRdfdSHS0w;Science;
A-Pod Cast For Killer Whales;spotify:show:5XVpwbZzmMhxk2yqDf6gTI;Natural Sciences, Science;
A Tap On The Wrist;spotify:show:37krWy7JNymswooJ5SpEDv;History;
10 Awesome New Inventions in USA that You'll Never Hear About .;spotify:show:1f0Kj9MZnk8zet8xtsyNDR;Science;
The Cyclo Edition;spotify:show:0ZzTZLzFbCy5HG3sxfysPB;Natural Sciences, Science;
The Dark Side Of;spotify:show:0at0IZJtlav1KQDxaTsmj6;History, Society & Culture, True Crime;
Evolving with Mr. V;spotify:show:1vw49bYmLK4vecIvJswlnZ;Life Sciences, Science;
The Hidden Tigers of Southeast Asia;spotify:show:5WRz5mhb28khsalbGvG2NA;Natural Sciences, Science;
Science Vs;spotify:show:5lY4b5PGOvMuOYOjOVEcb9;Education, Health & Fitness, Science;
GONE;spotify:show:1P5ywuAliiRdTKbZPTvf2p;History, Society & Culture, True Crime;
Cults;spotify:show:4JbxNUkWfveKC0xnKrK7tX;History, Society & Culture, True Crime;
Oldest Stories;spotify:show:5PGrkXrRpTug5N4r1FRf4Y;History;Documentary, Stories
Serial Killers;spotify:show:4ruq7mH0jg1sFi8KQhnGb8;History, Society & Culture, True Crime;Documentary
Germs and Worms;spotify:show:42pDXkLaJQdzsAxONmRWBR;Science;
NinjAnatomy;spotify:show:3LXIzhzK5nTu6Pz1Cul7hu;Life Sciences, Science;
Sports Criminals ;spotify:show:4xx4i1EW7563ORnwbNvtL1;History, Sports, True Crime;Documentary
Unexplained Mysteries;spotify:show:1Xe0dRpQCrwi59H2CJWtYf;History, Society & Culture, True Crime;
Immersive Chemistry Podcast;spotify:show:5W9ekXvFJfqfjBbe7vsm53;Chemistry, Science;
Natural Disasters ;spotify:show:2vPbtummXL9L4UbLiezZmh;History, Science, Society & Culture;
Dictators ;spotify:show:5JwUl9pJUndHkbiiJTKRqg;History, Society & Culture, True Crime;
Science Denial;spotify:show:3lGjQDn7xiZdiTEwTbkjjL;Science;
Mardi Gras Beyond The Beads;spotify:show:7FDOXSTV9HTQtURhFe0qxo;History;
Kingpins;spotify:show:3IZ9inzkM6YjDv1lEuCcig;History, Society & Culture, True Crime;
Haunted Places;spotify:show:72EZYVXVAzjJH9UGgeQ2hH;Arts, History, True Crime;
Villains ;spotify:show:5g3bKExpQ6rYwxTV4e0Tap;Arts, History, True Crime;
Secret Societies ;spotify:show:7MIIBWDGXvzZthqznedAKR;History, Society & Culture, True Crime;Documentary
Con Artists ;spotify:show:6s8xzsIn1JIvEv0X9sa7sb;History, Society & Culture, True Crime;
Indirect Message;spotify:show:1kqShC3n6G3ab4WfkhFhol;Science, Social Sciences;
Parcast Presents: March Mysteries;spotify:show:3j3GybU9u03zLYqLUOSfPB;History, Society & Culture, True Crime;
Long Lost: An Investigative History Series;spotify:show:3KclI3Og3SSgDvVtoPzrbP;Documentary, Society & Culture;Documentary
Economics In Ten;spotify:show:44pI1bcAKbrA2fLZpwJF4X;Science, Social Sciences;
Famous Fates;spotify:show:4r157jjrIV0bzS6UxhN07i;History, Society & Culture, True Crime;
The Genealogical Gentleman;spotify:show:1lXPX1ojco5UAcKA510xW4;History;
EMT A to Z ;spotify:show:7De6851EDFeLKZx4CFACCx;Science;
Undone;spotify:show:1DpjNPz2R1uJoBABi8TAMm;History, News, Personal Journals, Society & Culture;
Historia Obscura;spotify:show:2BmKTV4IAQFM4Drm0ar3GW;History;
Political Scandals ;spotify:show:2KBfl8eidzorW02RzQf9K8;History, News, True Crime;Documentary
Extraterrestrial;spotify:show:4Y1qqhrzpgNcIkVRajAOdr;History, Science, True Crime;
History Under Your Feet;spotify:show:5i0JMXCgw8fNTPYC4NDJmC;History;Documentary
InfoCast 5000;spotify:show:6BMPiOePTJBEL1MpvjOrJn;History;
Weird Historian;spotify:show:5EfzInmCgwmypFOAdOHbtu;History;
Today in True Crime ;spotify:show:2GmNzw8t4uG70rn4XG9zcC;History, Society & Culture, True Crime;
Launch Escape: Space Podcast;spotify:show:3tnWkgjrHcOoIirYDQsphL;Astronomy, Science;
The Blood Evidence;spotify:show:4ymYkiDhznGzvJjYGrcchO;Science;
Revving Up History;spotify:show:2JqBhaixuo5VwB1i6rBAEP;History;
Conspiracy or Just a Coincidence?;spotify:show:1UatqcZAB1r5vrSRymy8Vt;History;
Dark Geometry;spotify:show:5o6Yy2z9HQYSJp6cE3rOZn;Science;
Criminal Prints;spotify:show:3ItnqUK5THAZKDrIPJg0PZ;History, Society & Culture, True Crime;
Dose Makes The Poison: The Toxcast;spotify:show:1Zmkaj0XoQ1L4p4AhN6vq2;Chemistry, Science;
Improbable Research;spotify:show:15GNjJfxY1oqUHMUJtzUvy;Science;
Crimes of Passion;spotify:show:5PFgy6lc8UvYIjDsaaO3dN;History, Society & Culture, True Crime;
Double Helix History ;spotify:show:2tTA2xYpcS5YuTIXzXakTu;History;
Female Criminals;spotify:show:7GCKl0vXV9T7GDd2YDbwVa;History, Society & Culture, True Crime;
Uncivil;spotify:show:3ZFCdzRJWGMhok1x69IHRU;Education, History, News;
From the Earth to the Moon: A Retrospective Podcast on The Apollo Program;spotify:show:4kEqp4NHVj5yj52KJtjVVb;Science;
The Fantastic History Of Food;spotify:show:2CfNtOfcwbuHKaqDcx2sBc;History;